{
  "deviceName": "communicator",
  "name": "Communicator",
  "description": "The Communicator agent",
  "cycleDelayInMillis": 5000,
  "resourceList": [
    {
      "resourceName": "resource1",
      "name": "Resource 1",
      "description": "This is the Resource 1",
      "port": "COM6",
      "dataUnit": "",
      "waitTimeInMillis": 5000,
      "commandList": [
        {
          "command": "command1",
          "description": "The command 1"
        },
        {
          "command": "command2",
          "description": "The command 2"
        }
      ]
    },
    {
      "resourceName": "resource2",
      "name": "Resource 2",
      "description": "This is the Resource 2",
      "port": "COM6",
      "dataUnit": "",
      "waitTimeInMillis": 5000,
      "commandList": [
        {
          "command": "command3",
          "description": "The command 3"
        },
        {
          "command": "command4",
          "description": "The command 4"
        }
      ]
    }
  ]
}